OBJECT_ID,VID,SEQUENCE_DTTM,LAT,LON,SPEED_OVER_GROUND,COURSE_OVER_GROUND
1,100021,14:00:17,37.027885,-76.060134,71,3355
2,100022,14:00:58,36.950746,-76.058415,3,3192
3,100022,14:00:59,36.950746,-76.058415,3,3192
4,100021,14:01:17,37.02937,-76.061789,72,3129
5,100021,14:01:47,37.030095,-76.062649,72,3252
6,100021,14:02:16,37.031001,-76.063149,71,3369
7,100023,14:02:31,36.94844,-76.080097,5,1443
8,100021,14:03:17,37.032883,-76.063964,70,3339
9,100021,14:03:47,37.033518,-76.064614,38,3153
10,100022,14:03:58,36.950988,-76.058622,3,3287
11,100022,14:03:59,36.950988,-76.058622,3,3287
12,100021,14:04:17,37.033828,-76.065105,27,3117
13,100021,14:04:46,37.033965,-76.065307,3,2799
14,100021,14:05:17,37.03397,-76.065349,4,2637
15,100023,14:05:31,36.948093,-76.079945,5,1497
16,100023,14:05:32,36.948093,-76.079945,5,1497
17,100021,14:05:46,37.03397,-76.065369,0,2738
18,100021,14:05:47,37.03397,-76.065369,0,2738
19,100021,14:06:47,37.033963,-76.06535,3,800
20,100022,14:06:58,36.951241,-76.058732,3,3360
21,100022,14:06:59,36.951241,-76.058732,3,3360
22,100023,14:08:33,36.947801,-76.079809,4,1264
23,100023,14:08:34,36.947801,-76.079809,4,1264
24,100022,14:09:59,36.951415,-76.05881,2,3398
25,100021,14:10:14,37.034396,-76.065555,49,3284
26,100021,14:10:45,37.035098,-76.06591,56,3401
27,100023,14:11:33,36.947576,-76.079704,4,1422
28,100021,14:11:44,37.036781,-76.065624,68,445
29,100021,14:12:44,37.03821,-76.063707,85,493
30,100021,14:12:45,37.03821,-76.063707,85,493
31,100022,14:12:58,36.951561,-76.058889,2,3370
32,100022,14:12:59,36.951561,-76.058889,2,3370
33,100021,14:13:14,37.039055,-76.06261,89,439
34,100021,14:13:45,37.039996,-76.061645,87,355
35,100021,14:14:15,37.040983,-76.0608,86,323
36,100023,14:14:31,36.947338,-76.079649,6,1694
37,100021,14:14:44,37.041953,-76.05995,86,359
38,100023,14:15:27,36.948021,-76.080445,64,3151
39,100021,14:15:45,37.043806,-76.058084,88,402
40,100022,14:15:58,36.951685,-76.058939,1,3352
41,100022,14:15:59,36.951685,-76.058939,1,3352
42,100023,14:16:02,36.948701,-76.08114,34,3225
43,100021,14:16:15,37.044788,-76.057207,88,299
44,100023,14:16:27,36.948916,-76.081332,13,3278
45,100021,14:16:45,37.045881,-76.056505,86,233
46,100023,14:16:57,36.949028,-76.081417,11,3083
47,100021,14:17:45,37.047928,-76.056224,57,3451
48,100023,14:18:27,36.949121,-76.081502,1,2893
49,100021,14:18:45,37.04896,-76.056717,28,3217
50,100022,14:18:58,36.951753,-76.058974,1,3328
51,100023,14:18:58,36.949123,-76.081517,2,2243
52,100022,14:18:59,36.951753,-76.058974,1,3328
53,100021,14:19:15,37.049048,-76.057095,24,3110
54,100023,14:19:28,36.949116,-76.081535,1,2886
55,100021,14:19:45,37.048755,-76.057255,7,1974
56,100021,14:20:15,37.048695,-76.057237,7,1594
57,100021,14:20:44,37.0487,-76.057224,5,55
58,100021,14:21:14,37.04875,-76.057222,6,55
59,100021,14:21:45,37.048815,-76.057227,6,3560
60,100022,14:21:59,36.951818,-76.058989,1,3271
61,100021,14:22:15,37.048896,-76.057234,10,3539
62,100021,14:23:57,37.049155,-76.057224,24,1336
63,100021,14:24:23,37.048645,-76.056992,60,1671
64,100021,14:24:52,37.04771,-76.057164,73,1957
65,100022,14:24:59,36.951856,-76.059007,0,3197
66,100021,14:25:23,37.046795,-76.057842,78,2168
67,100021,14:25:52,37.045876,-76.058605,79,2102
68,100021,14:26:22,37.044971,-76.059472,84,2274
69,100021,14:26:23,37.044971,-76.059472,84,2274
70,100021,14:26:52,37.044185,-76.06058,88,2272
71,100021,14:27:23,37.04333,-76.061624,84,2217
72,100021,14:27:52,37.04243,-76.062629,90,2235
73,100022,14:27:59,36.951885,-76.059069,0,3114
74,100023,14:28:28,36.949013,-76.08202,0,2640
75,100021,14:28:53,37.04111,-76.065215,85,2498
76,100021,14:29:23,37.04118,-76.066662,87,2969
77,100021,14:29:53,37.041898,-76.067984,96,3058
78,100021,14:30:22,37.042568,-76.069402,92,2913
79,100021,14:30:53,37.042853,-76.070965,85,2721
80,100022,14:30:59,36.951901,-76.059092,0,3114
81,100023,14:31:28,36.948948,-76.082214,9,1876
82,100021,14:31:53,37.043445,-76.07329,56,2932
83,100021,14:32:23,37.04378,-76.074195,52,2947
84,100021,14:32:52,37.04405,-76.075174,75,2790
85,100021,14:33:22,37.043915,-76.076339,58,2582
86,100021,14:33:23,37.043915,-76.076339,58,2582
87,100021,14:33:52,37.043433,-76.077389,70,2359
88,100022,14:33:59,36.951883,-76.05905,0,3114
89,100024,14:34:00,36.904803,-76.084362,0,1715
90,100023,14:34:28,36.948815,-76.082215,9,2315
91,100023,14:34:29,36.948815,-76.082215,9,2315
92,100024,14:34:30,36.904771,-76.084532,27,2522
93,100024,14:35:00,36.904723,-76.085242,50,2865
94,100021,14:35:22,37.040388,-76.080659,104,2202
95,100024,14:35:29,36.905076,-76.085985,50,3105
96,100024,14:36:00,36.905585,-76.086627,53,3167
97,100021,14:36:23,37.038088,-76.082837,102,2016
98,100024,14:36:29,36.906056,-76.087304,48,3045
99,100021,14:36:53,37.0367,-76.083292,103,1895
100,100022,14:36:59,36.951883,-76.059015,0,3114
101,100024,14:37:01,36.906398,-76.088127,52,2886
102,100021,14:37:23,37.035378,-76.083489,82,1776
103,100023,14:37:27,36.948558,-76.082137,7,1355
104,100024,14:37:31,36.906606,-76.088992,54,2818
105,100021,14:37:53,37.0344,-76.083395,64,1765
106,100024,14:37:59,36.906753,-76.089869,50,2794
107,100021,14:38:23,37.033715,-76.083362,38,1755
108,100024,14:38:30,36.906818,-76.09088,58,2655
109,100021,14:38:52,37.033246,-76.083469,28,1877
110,100021,14:38:53,37.033246,-76.083469,28,1877
111,100024,14:38:59,36.906928,-76.091777,50,3133
112,100021,14:39:23,37.032916,-76.083435,14,1782
113,100024,14:39:29,36.907613,-76.091987,56,3549
114,100021,14:39:52,37.032918,-76.083454,10,3329
115,100022,14:39:59,36.951918,-76.05902,0,3114
116,100023,14:40:27,36.9481,-76.082129,8,1954
117,100021,14:40:52,37.033038,-76.083482,4,3360
118,100024,14:40:59,36.911088,-76.091472,161,3590
119,100021,14:41:23,37.033121,-76.083519,6,3360
120,100024,14:41:31,36.913558,-76.091074,172,161
121,100021,14:41:53,37.033218,-76.083574,6,3360
122,100024,14:42:02,36.91594,-76.090309,172,122
123,100024,14:42:29,36.917043,-76.090005,56,114
124,100022,14:42:59,36.951956,-76.059069,1,3194
125,100024,14:43:01,36.918841,-76.08924,173,370
126,100021,14:43:20,37.033526,-76.083645,23,779
127,100023,14:43:28,36.947493,-76.082454,7,2033
128,100024,14:43:29,36.92016,-76.08696,174,613
129,100021,14:43:46,37.034011,-76.083127,77,279
130,100024,14:44:00,36.92126,-76.084095,172,684
131,100021,14:44:45,37.035776,-76.081474,84,328
132,100021,14:44:46,37.035776,-76.081474,84,328
133,100024,14:44:59,36.923111,-76.078807,168,687
134,100021,14:45:16,37.036761,-76.080594,87,433
135,100024,14:45:29,36.923871,-76.076142,167,709
136,100021,14:45:46,37.0376,-76.079445,94,472
137,100022,14:45:59,36.952023,-76.059112,1,3213
138,100021,14:46:16,37.038488,-76.07828,90,472
139,100023,14:46:27,36.947035,-76.08293,10,2433
140,100024,14:46:29,36.925423,-76.07057,167,709
141,100021,14:46:45,37.039341,-76.077082,92,511
142,100021,14:47:16,37.040006,-76.075749,87,659
143,100024,14:47:29,36.926795,-76.064995,168,728
144,100021,14:47:46,37.04008,-76.074294,86,1068
145,100021,14:48:16,37.039511,-76.073007,89,1311
146,100024,14:48:28,36.928201,-76.059592,163,728
147,100021,14:48:46,37.038706,-76.071774,92,1295
148,100022,14:48:59,36.952078,-76.059165,1,3401
149,100024,14:49:00,36.928906,-76.056777,165,717
150,100021,14:49:16,37.037845,-76.070554,94,1310
151,100023,14:49:29,36.946521,-76.083474,7,2221
152,100024,14:49:30,36.92968,-76.05408,166,698
153,100021,14:49:45,37.036951,-76.069294,102,1320
154,100023,14:49:54,36.946375,-76.083764,40,2721
155,100023,14:49:55,36.946375,-76.083764,40,2721
156,100024,14:50:00,36.93048,-76.051267,164,706
157,100021,14:50:16,37.036063,-76.068015,97,1293
158,100023,14:50:24,36.946818,-76.083874,46,273
159,100024,14:50:29,36.931096,-76.048719,162,740
160,100023,14:50:55,36.94735,-76.083392,46,351
161,100024,14:51:00,36.931806,-76.045897,163,760
162,100021,14:51:16,37.034233,-76.065549,97,1376
163,100023,14:51:25,36.947913,-76.082999,47,169
164,100021,14:51:46,37.033195,-76.06447,99,1420
165,100023,14:51:54,36.948538,-76.082822,46,110
166,100022,14:51:59,36.95214,-76.059182,1,3498
167,100024,14:52:01,36.93338,-76.040454,163,714
168,100021,14:52:16,37.03209,-76.063475,97,1435
169,100023,14:52:25,36.949228,-76.08279,47,3569
170,100023,14:52:26,36.949228,-76.08279,47,3569
171,100024,14:52:30,36.933951,-76.037779,164,796
172,100021,14:52:45,37.03096,-76.062515,98,1466
173,100021,14:53:16,37.029833,-76.061527,98,1462
174,100023,14:53:24,36.949718,-76.083067,8,3223
175,100024,14:53:30,36.934783,-76.031954,167,849
176,100021,14:53:46,37.028683,-76.060577,98,1467
177,100023,14:53:54,36.949803,-76.083167,10,2985
178,100024,14:53:59,36.934921,-76.029215,170,869
179,100021,14:54:15,37.027585,-76.05962,96,1442
180,100021,14:54:16,37.027585,-76.05962,96,1442
181,100023,14:54:26,36.949858,-76.08327,2,2941
182,100024,14:54:30,36.935103,-76.026064,169,857
183,100021,14:54:46,37.026415,-76.058607,100,1448
184,100023,14:54:54,36.949886,-76.083362,2,2893
185,100022,14:54:59,36.952223,-76.059189,1,3438
186,100024,14:54:59,36.935285,-76.023305,170,849
187,100021,14:55:15,37.025266,-76.05763,100,1468
188,100023,14:55:26,36.949915,-76.083462,1,2948
189,100023,14:55:55,36.949936,-76.083545,2,2937
190,100024,14:56:00,36.93507,-76.017172,171,954
191,100021,14:56:15,37.022693,-76.056292,98,1628
192,100024,14:56:29,36.934826,-76.014412,172,951
193,100021,14:56:46,37.021545,-76.055407,98,1332
194,100021,14:57:16,37.020715,-76.05406,98,1195
195,100024,14:57:28,36.9347,-76.00847,168,933
196,100022,14:57:59,36.95231,-76.059254,1,3364
197,100024,14:57:59,36.934396,-76.005487,175,1002
198,100021,14:58:16,37.019408,-76.05195,86,1677
199,100024,14:58:30,36.933958,-76.002342,173,1001
200,100021,14:58:46,37.018458,-76.052004,42,1948
201,100023,14:58:55,36.950056,-76.084102,4,2849
202,100024,14:58:59,36.933591,-75.999494,176,986
203,100021,14:59:16,37.01821,-76.052139,12,2136
204,100024,14:59:31,36.933281,-75.996382,173,950
205,100021,14:59:46,37.01815,-76.052187,12,2560
206,100024,14:59:59,36.933008,-75.993574,175,997
207,100021,15:00:16,37.018165,-76.052259,5,2560
208,100022,15:00:58,36.952436,-76.059372,1,3330
209,100022,15:00:59,36.952436,-76.059372,1,3330
210,100021,15:01:15,37.01822,-76.052425,2,2951
211,100024,15:01:28,36.931623,-75.984702,170,992
212,100021,15:01:45,37.018248,-76.052495,5,2999
213,100023,15:01:55,36.950141,-76.08468,7,2794
214,100024,15:01:58,36.93124,-75.981715,172,983
215,100022,15:03:59,36.952561,-76.059387,1,3408
216,100023,15:04:20,36.950161,-76.08474,35,1113
217,100021,15:04:46,37.018528,-76.052987,3,3097
218,100023,15:04:50,36.949901,-76.084087,42,1130
219,100023,15:05:20,36.949815,-76.083604,13,989
220,100023,15:05:51,36.94977,-76.083474,7,1384
221,100023,15:06:21,36.949708,-76.083444,3,1918
222,100023,15:06:50,36.949643,-76.083469,6,2088
223,100022,15:06:59,36.952676,-76.059402,1,39
224,100023,15:07:20,36.949573,-76.083507,4,1978
225,100021,15:07:46,37.018698,-76.053419,4,2848
226,100023,15:07:52,36.9495,-76.083554,8,2160
227,100023,15:08:20,36.94943,-76.083614,4,2105
228,100023,15:08:21,36.94943,-76.083614,4,2105
229,100022,15:09:58,36.952758,-76.059399,1,45
230,100022,15:09:59,36.952758,-76.059399,1,45
231,100021,15:10:46,37.018875,-76.053854,4,2839
232,100023,15:11:22,36.949005,-76.084192,6,2305
233,100022,15:12:59,36.952813,-76.059412,0,69
234,100023,15:14:23,36.94908,-76.084207,47,3558
235,100023,15:14:48,36.949601,-76.084154,40,180
236,100023,15:14:49,36.949601,-76.084154,40,180
237,100023,15:15:17,36.94994,-76.083699,38,593
238,100023,15:15:47,36.950145,-76.083209,17,750
239,100023,15:15:48,36.950145,-76.083209,17,750
240,100022,15:15:59,36.952845,-76.059425,0,69
241,100023,15:16:17,36.950185,-76.083077,2,228
242,100021,15:16:46,37.01932,-76.05486,7,2063
243,100023,15:16:47,36.950236,-76.083074,6,3265
244,100021,15:17:46,37.017813,-76.054,90,1539
245,100021,15:17:47,37.017813,-76.054,90,1539
246,100023,15:17:47,36.950308,-76.08322,9,2961
247,100021,15:18:16,37.016551,-76.053347,103,1573
248,100023,15:18:17,36.950338,-76.083322,12,2918
249,100021,15:18:46,37.015173,-76.05258,113,1565
250,100023,15:18:47,36.950365,-76.083447,10,2897
251,100022,15:18:59,36.95287,-76.059402,0,2591
252,100021,15:19:16,37.013741,-76.051779,112,1553
253,100021,15:19:45,37.012293,-76.051,113,1559
254,100021,15:19:46,37.012293,-76.051,113,1559
255,100023,15:20:13,36.950458,-76.083815,3,2961
256,100021,15:20:16,37.010853,-76.050232,111,1566
257,100023,15:20:43,36.9505,-76.08395,8,2862
258,100023,15:21:13,36.950541,-76.084094,3,2895
259,100021,15:21:16,37.008021,-76.048529,114,1515
260,100023,15:21:43,36.950586,-76.084245,4,2888
261,100023,15:21:44,36.950586,-76.084245,4,2888
262,100021,15:21:46,37.006626,-76.047612,111,1529
263,100022,15:21:59,36.952906,-76.059462,0,2591
264,100023,15:22:13,36.950636,-76.084389,12,2853
265,100021,15:22:16,37.005226,-76.046714,113,1520
266,100023,15:22:43,36.950686,-76.084532,12,2940
267,100021,15:22:45,37.003845,-76.045789,115,1512
268,100021,15:22:46,37.003845,-76.045789,115,1512
269,100023,15:23:14,36.950771,-76.084615,8,450
270,100021,15:23:17,37.002488,-76.044825,111,1504
271,100023,15:23:44,36.950425,-76.084215,52,1174
272,100021,15:23:46,37.001106,-76.04391,113,1526
273,100023,15:24:15,36.950423,-76.083327,48,643
274,100021,15:24:16,36.999718,-76.043032,112,1505
275,100023,15:24:44,36.950591,-76.083212,4,2267
276,100021,15:24:45,36.998361,-76.042092,112,1521
277,100021,15:24:46,36.998361,-76.042092,112,1521
278,100022,15:24:59,36.95286,-76.059509,0,2129
279,100023,15:25:13,36.950583,-76.08319,2,1016
280,100021,15:25:46,36.995571,-76.040299,111,1523
281,100023,15:26:13,36.950591,-76.083177,2,3365
282,100021,15:26:16,36.994191,-76.039402,109,1509
283,100023,15:27:15,36.950608,-76.083197,0,3167
284,100021,15:27:16,36.991468,-76.037559,111,1529
285,100023,15:27:43,36.950601,-76.083194,3,864
286,100021,15:27:45,36.990075,-76.036697,114,1536
287,100022,15:27:59,36.952856,-76.059557,1,2000
288,100021,15:28:16,36.988686,-76.035814,114,1520
289,100021,15:28:46,36.987316,-76.034902,115,1544
290,100021,15:29:16,36.98592,-76.034039,112,1538
291,100023,15:29:40,36.95033,-76.086297,243,2611
292,100021,15:29:46,36.984521,-76.033184,112,1556
293,100023,15:30:09,36.949658,-76.090235,239,2573
294,100021,15:30:16,36.983076,-76.032429,113,1563
295,100023,15:30:38,36.948961,-76.094142,240,2578
296,100021,15:30:46,36.98162,-76.031685,111,1578
297,100025,15:30:46,36.95333,-75.980127,135,3049
298,100025,15:30:56,36.953703,-75.98075,134,3062
299,100022,15:30:59,36.952796,-76.059592,1,1950
300,100025,15:31:06,36.954073,-75.981377,135,3066
301,100023,15:31:09,36.948216,-76.098307,240,2560
302,100025,15:31:16,36.954471,-75.981989,134,3081
303,100025,15:31:17,36.954471,-75.981989,134,3081
304,100025,15:31:26,36.954876,-75.982584,134,3099
305,100025,15:31:36,36.955286,-75.98317,134,3107
306,100023,15:31:39,36.947181,-76.102185,234,2476
307,100021,15:31:45,36.97874,-76.03013,114,1613
308,100021,15:31:46,36.97874,-76.03013,114,1613
309,100025,15:31:46,36.955696,-75.983749,134,3118
310,100025,15:31:47,36.955696,-75.983749,134,3118
311,100025,15:31:55,36.956116,-75.984307,133,3135
312,100025,15:31:56,36.956116,-75.984307,133,3135
313,100025,15:32:06,36.956575,-75.984842,133,3152
314,100023,15:32:09,36.94612,-76.105887,235,2547
315,100021,15:32:16,36.9773,-76.029325,116,1558
316,100025,15:32:16,36.957026,-75.985372,133,3168
317,100025,15:32:26,36.957485,-75.985902,133,3170
318,100025,15:32:36,36.95794,-75.986437,133,3173
319,100023,15:32:39,36.945475,-76.109885,234,2576
320,100021,15:32:46,36.975858,-76.028544,116,1560
321,100025,15:32:46,36.958405,-75.986945,133,3179
322,100025,15:32:56,36.958866,-75.987462,133,3188
323,100023,15:33:08,36.944798,-76.113869,233,2586
324,100021,15:33:16,36.974416,-76.02772,113,1550
325,100025,15:33:16,36.95985,-75.988395,133,3234
326,100025,15:33:17,36.95985,-75.988395,133,3234
327,100025,15:33:26,36.960356,-75.988837,133,3246
328,100025,15:33:35,36.960868,-75.989269,132,3261
329,100025,15:33:36,36.960868,-75.989269,132,3261
330,100023,15:33:39,36.944111,-76.117845,232,2571
331,100021,15:33:46,36.972998,-76.026854,114,1551
332,100025,15:33:46,36.961386,-75.989679,132,3277
333,100025,15:33:55,36.961916,-75.990062,132,3294
334,100025,15:33:56,36.961916,-75.990062,132,3294
335,100022,15:33:59,36.952741,-76.059589,1,1665
336,100023,15:34:09,36.943833,-76.120704,106,2755
337,100021,15:34:16,36.971558,-76.026024,113,1548
338,100025,15:34:16,36.962996,-75.990809,132,3312
339,100025,15:34:26,36.96353,-75.991177,132,3311
340,100025,15:34:36,36.964075,-75.991537,132,3313
341,100023,15:34:40,36.944143,-76.123287,232,2755
342,100021,15:34:45,36.970113,-76.025217,115,1557
343,100025,15:34:46,36.964611,-75.991905,133,3316
344,100025,15:34:55,36.965165,-75.992269,132,3314
345,100023,15:35:08,36.943781,-76.127187,231,2566
346,100021,15:35:16,36.968671,-76.024385,115,1555
347,100025,15:35:16,36.966238,-75.993002,133,3315
348,100025,15:35:26,36.966778,-75.99337,133,3316
349,100025,15:35:36,36.967323,-75.993742,133,3314
350,100023,15:35:40,36.942853,-76.131305,228,2514
351,100021,15:35:46,36.967221,-76.023552,116,1543
352,100025,15:35:46,36.967906,-75.994154,133,3317
353,100025,15:35:47,36.967906,-75.994154,133,3317
354,100025,15:35:56,36.968406,-75.99449,134,3315
355,100023,15:36:08,36.942045,-76.134822,226,2577
356,100023,15:36:09,36.942045,-76.134822,226,2577
357,100025,15:36:16,36.96952,-75.995234,134,3314
358,100025,15:36:26,36.970075,-75.995599,134,3318
359,100025,15:36:36,36.970605,-75.995972,135,3320
360,100023,15:36:39,36.941306,-76.13877,222,2560
361,100021,15:36:46,36.964345,-76.021855,112,1513
362,100025,15:36:47,36.971243,-75.996355,135,3322
363,100025,15:36:55,36.9717,-75.996639,136,3325
364,100025,15:36:56,36.9717,-75.996639,136,3325
365,100022,15:36:59,36.95275,-76.059564,0,1243
366,100023,15:37:09,36.94052,-76.142425,230,2555
367,100021,15:37:16,36.962968,-76.02086,113,1481
368,100025,15:37:16,36.972853,-75.997414,136,3325
369,100025,15:37:26,36.973403,-75.997787,137,3322
370,100025,15:37:36,36.97397,-75.998155,137,3320
371,100023,15:37:38,36.939755,-76.146224,227,2573
372,100021,15:37:46,36.961633,-76.019759,116,1475
373,100025,15:37:46,36.974571,-75.998567,137,3324
374,100025,15:37:47,36.974571,-75.998567,137,3324
375,100025,15:37:55,36.97503,-75.99886,137,3323
376,100021,15:38:16,36.96028,-76.018695,116,1473
377,100025,15:38:16,36.976276,-75.999684,138,3323
378,100025,15:38:26,36.976776,-76.000027,138,3323
379,100025,15:38:35,36.977355,-76.0004,138,3322
380,100025,15:38:36,36.977355,-76.0004,138,3322
381,100023,15:38:38,36.93808,-76.153777,229,2543
382,100021,15:38:46,36.958925,-76.017645,114,1484
383,100025,15:38:47,36.97799,-76.000817,139,3318
384,100025,15:38:55,36.978441,-76.00112,139,3320
385,100023,15:39:09,36.937216,-76.157577,228,2536
386,100021,15:39:16,36.957546,-76.016619,117,1490
387,100025,15:39:16,36.979633,-76.001935,140,3318
388,100025,15:39:17,36.979633,-76.001935,140,3318
389,100025,15:39:26,36.980203,-76.002322,140,3315
390,100025,15:39:28,36.980316,-76.0024,139,3314
391,100025,15:39:34,36.98066,-76.002635,140,3316
392,100025,15:39:36,36.980773,-76.002712,140,3316
393,100023,15:39:39,36.936333,-76.16136,226,2546
394,100025,15:39:40,36.980996,-76.002869,139,3312
395,100025,15:39:45,36.981286,-76.003064,140,3314
396,100025,15:39:47,36.9814,-76.00314,140,3314
397,100025,15:39:52,36.981683,-76.003334,139,3314
398,100025,15:39:55,36.981855,-76.00345,140,3314
399,100025,15:39:56,36.981855,-76.00345,140,3314
400,100025,15:39:58,36.982025,-76.003569,140,3313
401,100022,15:39:59,36.95278,-76.059527,0,1243
402,100025,15:40:04,36.98238,-76.003797,140,3315
403,100025,15:40:06,36.98249,-76.003875,140,3316
404,100025,15:40:07,36.98249,-76.003875,140,3316
405,100023,15:40:10,36.935375,-76.165389,230,2542
406,100025,15:40:10,36.98272,-76.004027,140,3323
407,100021,15:40:16,36.954811,-76.014515,115,1481
408,100025,15:40:16,36.983061,-76.004262,140,3321
409,100025,15:40:22,36.983415,-76.004489,141,3324
410,100025,15:40:28,36.983765,-76.004719,140,3320
411,100025,15:40:34,36.984108,-76.004955,141,3312
412,100025,15:40:40,36.984448,-76.005205,141,3300
413,100025,15:40:45,36.984723,-76.005425,141,3286
414,100025,15:40:52,36.98511,-76.005742,141,3265
415,100025,15:40:58,36.98544,-76.00602,141,3254
416,100025,15:41:04,36.985763,-76.006314,141,3239
417,100023,15:41:08,36.934045,-76.172909,234,2610
418,100023,15:41:09,36.934045,-76.172909,234,2610
419,100025,15:41:10,36.986073,-76.006617,141,3224
420,100021,15:41:16,36.952061,-76.01244,112,1490
421,100025,15:41:16,36.986365,-76.00694,141,3208
422,100025,15:41:17,36.986365,-76.00694,141,3208
423,100025,15:41:22,36.986661,-76.007259,141,3198
424,100025,15:41:28,36.986951,-76.00759,141,3186
425,100025,15:41:34,36.987235,-76.007927,141,3172
426,100025,15:41:40,36.987518,-76.008272,142,3165
427,100025,15:41:45,36.987751,-76.008565,142,3158
428,100021,15:41:46,36.950696,-76.011404,114,1493
429,100025,15:41:52,36.988071,-76.00898,142,3147
430,100025,15:41:58,36.988343,-76.009342,142,3136
431,100025,15:42:04,36.988608,-76.00971,143,3127
432,100025,15:42:10,36.988871,-76.010079,143,3119
433,100021,15:42:15,36.949331,-76.01039,115,1489
434,100025,15:42:16,36.989131,-76.010455,143,3112
435,100025,15:42:22,36.989388,-76.010835,143,3106
436,100025,15:42:27,36.989643,-76.011215,143,3102
437,100025,15:42:28,36.989643,-76.011215,143,3102
438,100025,15:42:34,36.989896,-76.011594,143,3102
439,100023,15:42:40,36.927045,-76.177285,223,1793
440,100025,15:42:40,36.990155,-76.011974,143,3102
441,100025,15:42:45,36.990375,-76.012292,143,3105
442,100021,15:42:46,36.947951,-76.009385,117,1484
443,100025,15:42:52,36.990685,-76.012732,144,3109
444,100025,15:42:58,36.990955,-76.013107,144,3115
445,100022,15:42:59,36.952815,-76.059522,0,1243
446,100025,15:43:04,36.991226,-76.013479,144,3120
447,100023,15:43:08,36.924086,-76.177475,209,1882
448,100025,15:43:10,36.991498,-76.013852,144,3123
449,100021,15:43:16,36.946596,-76.008335,113,1491
450,100025,15:43:16,36.991775,-76.014219,144,3127
451,100025,15:43:22,36.99205,-76.014584,144,3128
452,100025,15:43:28,36.992328,-76.014954,144,3130
453,100025,15:43:34,36.992606,-76.01532,144,3134
454,100023,15:43:39,36.922456,-76.178172,68,2142
455,100025,15:43:40,36.992888,-76.015684,145,3136
456,100021,15:43:45,36.945213,-76.007332,117,1507
457,100025,15:43:45,36.993121,-76.01599,145,3135
458,100021,15:43:46,36.945213,-76.007332,117,1507
459,100025,15:43:52,36.993446,-76.016417,145,3135
460,100025,15:43:58,36.993726,-76.016784,145,3136
461,100025,15:44:04,36.994006,-76.017149,145,3134
462,100025,15:44:10,36.994283,-76.017514,145,3133
463,100021,15:44:16,36.943845,-76.00631,114,1475
464,100025,15:44:16,36.99456,-76.01788,145,3134
465,100025,15:44:22,36.994838,-76.018247,145,3134
466,100025,15:44:28,36.995111,-76.01861,145,3133
467,100025,15:44:34,36.995391,-76.018975,145,3134
468,100025,15:44:40,36.99567,-76.019344,145,3134
469,100023,15:44:41,36.92166,-76.180682,77,2698
470,100021,15:44:45,36.942498,-76.005242,114,1475
471,100025,15:44:45,36.995903,-76.019647,145,3135
472,100021,15:44:46,36.942498,-76.005242,114,1475
473,100025,15:44:52,36.99623,-76.020072,145,3137
474,100025,15:44:58,36.996508,-76.020435,145,3136
475,100025,15:45:03,36.996743,-76.02074,145,3137
476,100025,15:45:10,36.997071,-76.021164,145,3137
477,100021,15:45:16,36.94118,-76.004235,117,1493
478,100025,15:45:16,36.997355,-76.021529,146,3138
479,100021,15:45:17,36.94118,-76.004235,117,1493
480,100025,15:45:21,36.997588,-76.021837,145,3136
481,100025,15:45:28,36.997915,-76.022269,146,3135
482,100025,15:45:34,36.998198,-76.022637,146,3134
483,100025,15:45:40,36.99848,-76.023007,146,3133
484,100025,15:45:45,36.99871,-76.023317,146,3131
485,100021,15:45:46,36.939768,-76.003167,115,1482
486,100025,15:45:52,36.999035,-76.02375,146,3130
487,100025,15:45:58,36.999313,-76.024124,146,3130
488,100022,15:45:59,36.952848,-76.059535,0,1243
489,100025,15:46:03,36.999548,-76.024437,146,3130
490,100023,15:46:09,36.922133,-76.183882,64,2841
491,100025,15:46:09,36.999878,-76.024877,147,3128
492,100025,15:46:10,36.999878,-76.024877,147,3128
493,100021,15:46:16,36.938406,-76.002112,114,1486
494,100025,15:46:16,37.00016,-76.025247,147,3128
495,100025,15:46:21,37.000396,-76.025554,147,3128
496,100025,15:46:28,37.000721,-76.025987,146,3128
497,100026,15:46:34,36.979525,-76.329879,30,439
498,100025,15:46:34,37.000996,-76.026359,147,3128
499,100023,15:46:39,36.922383,-76.18495,65,2873
500,100025,15:46:40,37.001275,-76.026734,147,3127
501,100026,15:46:43,36.979615,-76.329757,30,437
502,100025,15:46:45,37.001508,-76.027045,147,3128
503,100021,15:46:46,36.937031,-76.001065,116,1484
504,100025,15:46:52,37.001833,-76.027485,147,3128
505,100025,15:46:58,37.002116,-76.027864,147,3127
506,100025,15:47:03,37.002351,-76.028177,147,3128
507,100026,15:47:04,36.979835,-76.329494,31,439
508,100023,15:47:09,36.922691,-76.185715,29,3117
509,100025,15:47:10,37.00268,-76.028615,147,3131
510,100026,15:47:12,36.97993,-76.32939,31,429
511,100021,15:47:15,36.93566,-76.000024,116,1478
512,100025,15:47:16,37.002966,-76.028989,147,3132
513,100025,15:47:21,37.003201,-76.029297,147,3135
514,100026,15:47:22,36.980046,-76.329257,31,435
515,100025,15:47:28,37.003533,-76.02973,148,3135
516,100026,15:47:33,36.980148,-76.329129,31,461
517,100025,15:47:33,37.003816,-76.0301,147,3136
518,100025,15:47:34,37.003816,-76.0301,147,3136
519,100023,15:47:40,36.922801,-76.185892,1,3190
520,100025,15:47:40,37.004103,-76.03047,147,3137
521,100026,15:47:43,36.980248,-76.328985,31,459
522,100021,15:47:46,36.934291,-75.998954,116,1475
523,100025,15:47:46,37.004395,-76.030839,148,3141
524,100025,15:47:52,37.004688,-76.031205,148,3145
525,100026,15:47:54,36.980358,-76.328825,32,474
526,100025,15:47:58,37.00498,-76.031574,148,3146
527,100025,15:48:03,37.005226,-76.03188,148,3148
528,100026,15:48:04,36.980446,-76.328714,32,475
529,100023,15:48:09,36.922793,-76.1859,2,2355
530,100025,15:48:10,37.005573,-76.032307,148,3150
531,100026,15:48:12,36.980545,-76.328579,32,493
532,100026,15:48:13,36.980545,-76.328579,32,493
533,100025,15:48:15,37.005821,-76.032609,148,3153
534,100025,15:48:21,37.006118,-76.032969,148,3156
535,100026,15:48:22,36.980643,-76.328439,32,494
536,100026,15:48:23,36.980643,-76.328439,32,494
537,100025,15:48:28,37.006466,-76.033387,148,3160
538,100026,15:48:33,36.980735,-76.328305,33,495
539,100025,15:48:34,37.006766,-76.033747,148,3160
540,100023,15:48:38,36.922625,-76.18578,13,1945
541,100025,15:48:40,37.007063,-76.034107,149,3161
542,100026,15:48:43,36.980836,-76.328159,33,484
543,100021,15:48:46,36.931563,-75.99682,117,1487
544,100025,15:48:46,37.007365,-76.034462,149,3162
545,100025,15:48:52,37.007665,-76.03482,149,3161
546,100026,15:48:54,36.980943,-76.327995,33,506
547,100025,15:48:58,37.007965,-76.03518,149,3160
548,100022,15:48:59,36.952885,-76.059537,1,1388
549,100025,15:49:03,37.008213,-76.035487,149,3160
550,100026,15:49:04,36.981043,-76.327854,33,484
551,100023,15:49:08,36.922353,-76.185092,62,1135
552,100025,15:49:10,37.008561,-76.035909,149,3159
553,100026,15:49:12,36.98112,-76.32774,33,491
554,100025,15:49:15,37.008808,-76.036212,149,3157
555,100021,15:49:16,36.930153,-75.99584,114,1513
556,100025,15:49:21,37.009103,-76.036575,149,3158
557,100026,15:49:23,36.981226,-76.327577,33,489
558,100025,15:49:27,37.009403,-76.03694,149,3156
559,100026,15:49:33,36.981325,-76.327427,34,494
560,100025,15:49:34,37.009753,-76.037365,150,3156
561,100023,15:49:40,36.92213,-76.18398,63,976
562,100025,15:49:40,37.010053,-76.037729,149,3157
563,100026,15:49:42,36.98143,-76.327279,34,489
564,100026,15:49:43,36.98143,-76.327279,34,489
565,100021,15:49:45,36.928778,-75.994772,120,1463
566,100025,15:49:45,37.01035,-76.038094,149,3155
567,100021,15:49:46,36.928778,-75.994772,120,1463
568,100025,15:49:46,37.01035,-76.038094,149,3155
569,100025,15:49:52,37.010648,-76.038455,150,3156
570,100026,15:49:54,36.981541,-76.327104,34,492
571,100025,15:49:58,37.010946,-76.038817,149,3156
572,100025,15:50:03,37.011248,-76.039184,150,3156
573,100026,15:50:04,36.981645,-76.326942,34,488
574,100025,15:50:04,37.011248,-76.039184,150,3156
575,100025,15:50:10,37.011548,-76.039545,150,3155
576,100026,15:50:12,36.981731,-76.326822,34,487
577,100025,15:50:15,37.0118,-76.039842,150,3157
578,100021,15:50:16,36.927423,-75.993719,120,1493
579,100025,15:50:22,37.012148,-76.04026,150,3159
580,100026,15:50:23,36.981853,-76.326662,34,487
581,100025,15:50:27,37.012398,-76.040562,150,3161
582,100026,15:50:33,36.981965,-76.32652,35,474
583,100025,15:50:34,37.012751,-76.040977,150,3164
584,100025,15:50:40,37.013053,-76.041335,150,3163
585,100026,15:50:42,36.982076,-76.326372,35,476
586,100023,15:50:42,36.921715,-76.181792,64,1032
587,100026,15:50:43,36.982076,-76.326372,35,476
588,100021,15:50:46,36.926035,-75.992742,114,1520
589,100025,15:50:46,37.013355,-76.041697,150,3165
590,100025,15:50:52,37.013661,-76.042057,150,3168
591,100026,15:50:54,36.982195,-76.326202,35,477
592,100025,15:50:58,37.013968,-76.042417,149,3168
593,100026,15:51:04,36.982303,-76.326039,35,479
594,100025,15:51:04,37.014273,-76.042772,149,3169
595,100023,15:51:09,36.92135,-76.180755,81,1047
596,100025,15:51:10,37.014528,-76.043067,149,3171
597,100026,15:51:12,36.98239,-76.325909,35,479
598,100025,15:51:15,37.014835,-76.043417,149,3172
599,100021,15:51:16,36.92458,-75.991962,112,1559
600,100025,15:51:22,37.01519,-76.043827,149,3171
601,100026,15:51:23,36.982511,-76.325735,35,479
602,100025,15:51:27,37.015441,-76.044122,149,3169
603,100026,15:51:33,36.982621,-76.325589,35,479
604,100025,15:51:33,37.015793,-76.044537,149,3167
605,100025,15:51:34,37.015793,-76.044537,149,3167
606,100023,15:51:38,36.921463,-76.179339,86,698
607,100025,15:51:40,37.016098,-76.044892,150,3167
608,100026,15:51:43,36.982733,-76.325444,36,478
609,100021,15:51:46,36.923218,-75.991015,110,1489
610,100025,15:51:46,37.0164,-76.045247,149,3167
611,100025,15:51:52,37.016703,-76.04559,148,3173
612,100026,15:51:54,36.982855,-76.325275,35,473
613,100025,15:51:58,37.017013,-76.045934,148,3180
614,100022,15:51:59,36.952735,-76.059362,5,1438
615,100026,15:52:03,36.982956,-76.325137,35,468
616,100025,15:52:04,37.017328,-76.046264,148,3192
617,100025,15:52:10,37.017648,-76.046585,148,3202
618,100026,15:52:12,36.983058,-76.324997,36,466
619,100021,15:52:16,36.921895,-75.990004,112,1497
620,100025,15:52:16,37.017973,-76.046902,148,3210
621,100025,15:52:22,37.018298,-76.047212,148,3221
622,100026,15:52:23,36.983178,-76.324827,35,473
623,100025,15:52:27,37.018575,-76.04747,148,3225
624,100026,15:52:33,36.98329,-76.324675,35,471
625,100025,15:52:34,37.018958,-76.047829,147,3231
626,100023,15:52:40,36.925391,-76.17719,217,7
627,100025,15:52:40,37.01929,-76.04813,147,3234
628,100026,15:52:43,36.9834,-76.324527,36,480
629,100021,15:52:46,36.920553,-75.989034,109,1489
630,100025,15:52:46,37.019621,-76.048434,148,3236
631,100025,15:52:52,37.019955,-76.048739,148,3239
632,100026,15:52:54,36.98352,-76.324355,36,486
633,100025,15:52:58,37.020285,-76.049042,147,3237
634,100026,15:53:03,36.983616,-76.324209,36,489
635,100025,15:53:04,37.020616,-76.049352,147,3235
636,100023,15:53:09,36.928486,-76.177202,230,3575
637,100025,15:53:10,37.020948,-76.049657,147,3233
638,100026,15:53:12,36.983716,-76.324059,36,510
639,100021,15:53:16,36.919185,-75.988225,106,1568
640,100025,15:53:16,37.021276,-76.049969,148,3230
641,100025,15:53:22,37.021603,-76.050287,148,3228
642,100026,15:53:23,36.983845,-76.323854,37,515
643,100025,15:53:27,37.021875,-76.050552,147,3225
644,100026,15:53:33,36.983951,-76.323682,37,518
645,100025,15:53:34,37.022255,-76.050919,147,3222
646,100023,15:53:39,36.931521,-76.17763,228,3484
647,100025,15:53:40,37.022578,-76.051237,147,3219
648,100026,15:53:43,36.984061,-76.323514,37,476
649,100021,15:53:46,36.91778,-75.987532,109,1553
650,100025,15:53:46,37.022898,-76.051552,147,3217
651,100025,15:53:52,37.023218,-76.051867,147,3218
652,100026,15:53:53,36.984186,-76.32335,37,498
653,100025,15:53:58,37.023541,-76.052184,147,3217
654,100026,15:54:03,36.98428,-76.323225,37,482
655,100025,15:54:04,37.023861,-76.052495,147,3216
656,100023,15:54:09,36.934096,-76.179855,236,3036
657,100025,15:54:10,37.02418,-76.052805,147,3215
658,100026,15:54:13,36.984393,-76.323065,37,493
659,100021,15:54:16,36.916501,-75.986697,102,1592
660,100025,15:54:16,37.0245,-76.053129,147,3215
661,100025,15:54:22,37.024823,-76.05345,147,3216
662,100026,15:54:23,36.984503,-76.322887,37,505
663,100025,15:54:27,37.02509,-76.053719,147,3215
664,100026,15:54:34,36.984626,-76.322694,37,508
665,100025,15:54:34,37.025468,-76.054092,147,3217
666,100023,15:54:39,36.935813,-76.183295,237,3006
667,100025,15:54:39,37.025788,-76.054407,147,3218
668,100025,15:54:40,37.025788,-76.054407,147,3218
669,100026,15:54:43,36.984736,-76.322524,37,502
670,100021,15:54:45,36.915166,-75.986055,100,1575
671,100021,15:54:46,36.915166,-75.986055,100,1575
672,100025,15:54:46,37.026111,-76.054724,146,3219
673,100025,15:54:52,37.026431,-76.055034,146,3219
674,100026,15:54:53,36.984846,-76.322355,37,507
675,100025,15:54:58,37.026751,-76.055344,146,3220
676,100022,15:54:59,36.952518,-76.058862,6,1030
677,100026,15:55:03,36.984945,-76.322204,37,521
678,100025,15:55:04,37.027075,-76.055657,146,3220
679,100023,15:55:09,36.937393,-76.186679,233,2989
680,100025,15:55:09,37.027341,-76.055917,146,3221
681,100026,15:55:12,36.985051,-76.322035,37,506
682,100026,15:55:13,36.985051,-76.322035,37,506
683,100025,15:55:16,37.027721,-76.056285,147,3220
684,100025,15:55:22,37.028045,-76.056604,147,3218
685,100026,15:55:23,36.985163,-76.32187,37,506
686,100025,15:55:27,37.028315,-76.056869,147,3218
687,100026,15:55:34,36.985283,-76.321689,36,500
688,100025,15:55:34,37.02869,-76.057242,146,3215
689,100023,15:55:38,36.939003,-76.190204,233,2977
690,100025,15:55:40,37.02901,-76.057555,146,3216
691,100026,15:55:44,36.985393,-76.321529,36,489
692,100021,15:55:46,36.91275,-75.984264,102,1416
693,100025,15:55:46,37.02933,-76.057869,146,3218
694,100025,15:55:52,37.029648,-76.058182,146,3218
695,100026,15:55:53,36.985501,-76.32137,36,487
696,100025,15:55:58,37.029971,-76.058494,146,3218
697,100026,15:56:03,36.985605,-76.321229,36,478
698,100025,15:56:04,37.030298,-76.058802,146,3220
699,100025,15:56:09,37.03057,-76.05906,146,3221
700,100025,15:56:10,37.03057,-76.05906,146,3221
701,100026,15:56:13,36.985716,-76.321075,36,468
702,100021,15:56:16,36.91147,-75.983509,100,1622
703,100025,15:56:16,37.030946,-76.05942,146,3222
704,100026,15:56:22,36.98582,-76.32094,36,469
705,100025,15:56:22,37.031268,-76.05973,145,3223
706,100026,15:56:23,36.98582,-76.32094,36,469
707,100025,15:56:27,37.031538,-76.059987,145,3224
708,100026,15:56:34,36.985956,-76.320759,36,477
709,100025,15:56:34,37.031913,-76.060342,145,3226
710,100023,15:56:38,36.942095,-76.197314,233,2997
711,100025,15:56:40,37.032235,-76.060649,145,3225
712,100026,15:56:43,36.986071,-76.320607,36,475
713,100021,15:56:46,36.910115,-75.982999,105,1704
714,100025,15:56:46,37.032556,-76.060952,145,3227
715,100025,15:56:52,37.032881,-76.061257,145,3229
716,100026,15:56:53,36.986185,-76.320449,36,477
717,100025,15:56:58,37.033201,-76.061557,145,3229
718,100025,15:56:59,37.033201,-76.061557,145,3229
719,100026,15:57:02,36.986275,-76.320325,36,477
720,100025,15:57:04,37.033525,-76.061859,145,3229
721,100023,15:57:08,36.943633,-76.200855,235,2979
722,100023,15:57:09,36.943633,-76.200855,235,2979
723,100025,15:57:09,37.033795,-76.062109,145,3230
724,100026,15:57:13,36.9864,-76.320152,36,474
725,100021,15:57:16,36.90875,-75.982517,99,1644
726,100025,15:57:16,37.03417,-76.062462,145,3229
727,100021,15:57:17,36.90875,-75.982517,99,1644
728,100026,15:57:22,36.986503,-76.320009,37,478
729,100025,15:57:22,37.03449,-76.062765,145,3230
730,100025,15:57:27,37.03476,-76.06302,145,3228
731,100026,15:57:34,36.98664,-76.319819,37,482
732,100025,15:57:34,37.035136,-76.063375,145,3229
733,100023,15:57:38,36.945221,-76.204402,235,3000
734,100025,15:57:40,37.035458,-76.063679,145,3228
735,100026,15:57:43,36.986751,-76.319655,37,500
736,100021,15:57:46,36.907406,-75.982,102,1636
737,100025,15:57:46,37.035783,-76.063985,145,3227
738,100025,15:57:52,37.036106,-76.064292,144,3227
739,100026,15:57:54,36.98686,-76.319484,37,523
740,100025,15:57:58,37.036425,-76.064595,144,3225
741,100022,15:57:59,36.952455,-76.058249,5,890
742,100026,15:58:02,36.986941,-76.319344,37,520
743,100025,15:58:04,37.036741,-76.0649,144,3224
744,100025,15:58:09,37.037006,-76.065154,144,3224
745,100023,15:58:11,36.946866,-76.208202,235,2981
746,100026,15:58:13,36.987058,-76.319154,38,519
747,100025,15:58:16,37.037378,-76.06551,144,3224
748,100026,15:58:22,36.987151,-76.318994,38,528
749,100025,15:58:22,37.037693,-76.065815,144,3225
750,100025,15:58:27,37.037961,-76.066069,144,3225
751,100026,15:58:34,36.987276,-76.31878,38,537
752,100025,15:58:34,37.038331,-76.066424,144,3225
753,100023,15:58:39,36.948283,-76.211584,239,2977
754,100025,15:58:40,37.038655,-76.06673,145,3228
755,100026,15:58:43,36.98737,-76.318615,38,551
756,100021,15:58:46,36.90472,-75.980937,101,1600
757,100025,15:58:46,37.038975,-76.067037,145,3227
758,100025,15:58:52,37.039295,-76.067344,145,3226
759,100026,15:58:53,36.987475,-76.318432,38,546
760,100025,15:58:58,37.039616,-76.067649,145,3227
761,100026,15:59:02,36.987565,-76.318264,39,564
762,100025,15:59:04,37.039936,-76.067955,145,3226
763,100023,15:59:09,36.949798,-76.215189,236,2984
764,100025,15:59:09,37.040201,-76.068212,145,3225
765,100026,15:59:12,36.987673,-76.318055,39,564
766,100021,15:59:16,36.903365,-75.980414,102,1631
767,100025,15:59:16,37.040575,-76.068572,145,3225
768,100026,15:59:22,36.987768,-76.317864,39,582
769,100025,15:59:22,37.040895,-76.06888,145,3225
770,100025,15:59:27,37.041158,-76.069139,145,3223
771,100026,15:59:34,36.987878,-76.317637,38,602
772,100025,15:59:34,37.041526,-76.069495,144,3223
773,100023,15:59:39,36.951405,-76.218907,235,2984
774,100025,15:59:40,37.041845,-76.069802,144,3222
775,100026,15:59:43,36.987958,-76.317462,38,606
776,100025,15:59:46,37.04216,-76.070109,144,3222
777,100025,15:59:52,37.042476,-76.070415,144,3223
778,100026,15:59:53,36.988036,-76.317287,38,614
779,100025,15:59:58,37.042796,-76.070717,144,3224
780,100026,16:00:02,36.988111,-76.317112,38,606
781,100025,16:00:04,37.043116,-76.071024,144,3225
782,100023,16:00:09,36.952956,-76.222339,235,2980
783,100025,16:00:09,37.043383,-76.071277,144,3226
784,100026,16:00:12,36.988203,-76.3169,38,604
785,100025,16:00:16,37.04376,-76.071629,144,3229
786,100026,16:00:22,36.988288,-76.316709,38,604
787,100025,16:00:22,37.044086,-76.071932,145,3231
788,100026,16:00:23,36.988288,-76.316709,38,604
789,100025,16:00:27,37.044358,-76.072185,145,3233
790,100026,16:00:33,36.988378,-76.316519,38,602
791,100025,16:00:34,37.044743,-76.072542,145,3234
792,100023,16:00:39,36.954653,-76.226009,237,3003
793,100025,16:00:40,37.045068,-76.072847,146,3233
794,100026,16:00:43,36.98847,-76.31633,38,602
795,100025,16:00:45,37.045343,-76.0731,146,3234
796,100022,16:00:50,36.952645,-76.057967,3,579
797,100022,16:00:51,36.952645,-76.057967,3,579
798,100025,16:00:52,37.045723,-76.073455,146,3233
799,100026,16:00:53,36.98857,-76.316125,38,587
800,100025,16:00:58,37.04605,-76.073762,146,3231
801,100022,16:00:59,36.95265,-76.057954,3,623
802,100025,16:00:59,37.04605,-76.073762,146,3231
803,100022,16:01:00,36.952651,-76.057952,3,630
804,100022,16:01:01,36.952651,-76.057952,3,630
805,100026,16:01:02,36.988651,-76.31596,37,585
806,100025,16:01:04,37.046378,-76.07407,147,3230
807,100025,16:01:09,37.04665,-76.074329,147,3228
808,100022,16:01:11,36.952655,-76.057932,3,670
809,100023,16:01:11,36.956328,-76.229679,235,3012
810,100026,16:01:12,36.988751,-76.315757,37,580
811,100026,16:01:13,36.988751,-76.315757,37,580
812,100025,16:01:16,37.047025,-76.074687,147,3225
813,100022,16:01:20,36.952658,-76.057912,4,705
814,100026,16:01:22,36.988841,-76.315574,37,577
815,100025,16:01:22,37.047348,-76.075004,147,3220
816,100025,16:01:27,37.047615,-76.075269,147,3216
817,100022,16:01:30,36.95266,-76.057885,4,768
818,100026,16:01:32,36.988931,-76.315394,36,574
819,100026,16:01:33,36.988931,-76.315394,36,574
820,100025,16:01:34,37.047988,-76.075647,148,3213
821,100023,16:01:38,36.957905,-76.232967,239,3004
822,100025,16:01:40,37.048308,-76.075967,147,3212
823,100022,16:01:41,36.952661,-76.057854,4,831
824,100026,16:01:43,36.98902,-76.315217,36,568
825,100025,16:01:45,37.048576,-76.076237,147,3211
826,100022,16:01:50,36.952661,-76.057822,5,868
827,100022,16:01:51,36.952661,-76.057822,5,868
828,100025,16:01:52,37.04895,-76.07661,148,3212
829,100026,16:01:53,36.98911,-76.315042,36,561
830,100025,16:01:58,37.04927,-76.076932,148,3212
831,100025,16:01:59,37.04927,-76.076932,148,3212
832,100022,16:02:00,36.952661,-76.057789,6,890
833,100022,16:02:01,36.952661,-76.057789,6,890
834,100026,16:02:04,36.989205,-76.314869,36,546
835,100025,16:02:04,37.04959,-76.077255,148,3211
836,100023,16:02:08,36.959606,-76.236492,238,3018
837,100025,16:02:09,37.049858,-76.077527,148,3209
838,100022,16:02:11,36.952663,-76.057752,6,889
839,100026,16:02:12,36.989296,-76.31469,36,564
840,100022,16:02:20,36.952666,-76.057719,7,882
841,100026,16:02:23,36.98939,-76.314514,37,564
842,100022,16:02:30,36.95267,-76.057677,7,863
843,100026,16:02:33,36.989485,-76.314334,37,562
844,100022,16:02:41,36.952676,-76.057627,8,839
845,100026,16:02:43,36.989585,-76.314152,38,552
846,100026,16:02:44,36.989585,-76.314152,38,552
847,100022,16:02:50,36.952685,-76.057584,8,817
848,100022,16:02:51,36.952685,-76.057584,8,817
849,100026,16:02:53,36.989686,-76.313969,38,549
850,100022,16:03:00,36.952695,-76.057534,9,788
851,100022,16:03:01,36.952695,-76.057534,9,788
852,100026,16:03:04,36.989786,-76.313782,39,559
853,100023,16:03:09,36.963048,-76.243679,239,3006
854,100022,16:03:11,36.95271,-76.05748,9,746
855,100026,16:03:12,36.989886,-76.313594,39,557
856,100026,16:03:23,36.989985,-76.313404,39,562
857,100022,16:03:30,36.952743,-76.05736,11,698
858,100026,16:03:32,36.990083,-76.313212,39,560
859,100026,16:03:33,36.990083,-76.313212,39,560
860,100023,16:03:39,36.964651,-76.247154,241,2999
861,100022,16:03:41,36.952771,-76.057282,12,667
862,100026,16:03:43,36.990181,-76.31302,40,578
863,100022,16:03:50,36.952796,-76.057222,13,639
864,100022,16:03:51,36.952796,-76.057222,13,639
865,100026,16:03:53,36.990283,-76.312829,40,563
866,100022,16:04:00,36.95283,-76.057152,14,608
867,100022,16:04:01,36.95283,-76.057152,14,608
868,100026,16:04:04,36.990385,-76.312634,40,572
869,100023,16:04:10,36.96641,-76.251002,241,2990
870,100022,16:04:11,36.95287,-76.05708,15,587
871,100026,16:04:14,36.990493,-76.312419,40,583
872,100022,16:04:20,36.952906,-76.05702,15,570
873,100026,16:04:23,36.990585,-76.312244,40,567
874,100022,16:04:30,36.952963,-76.056935,17,535
875,100026,16:04:33,36.990688,-76.312052,40,562
876,100023,16:04:40,36.967995,-76.254515,238,3001
877,100022,16:04:41,36.953028,-76.056849,18,502
878,100026,16:04:43,36.99079,-76.311854,40,574
879,100022,16:04:50,36.953088,-76.056775,19,473
880,100022,16:04:51,36.953088,-76.056775,19,473
881,100026,16:04:54,36.990898,-76.311635,40,575
882,100022,16:05:00,36.953163,-76.056697,20,437
883,100026,16:05:04,36.990985,-76.311457,40,582
884,100023,16:05:09,36.969671,-76.258104,242,3009
885,100022,16:05:11,36.953255,-76.05661,22,397
886,100026,16:05:14,36.991088,-76.311234,40,582
887,100022,16:05:20,36.953336,-76.056539,23,365
888,100026,16:05:23,36.99117,-76.311054,40,583
889,100022,16:05:30,36.95344,-76.056459,24,329
890,100026,16:05:32,36.99128,-76.31087,39,610
891,100026,16:05:33,36.99128,-76.31087,39,610
892,100023,16:05:39,36.971273,-76.261594,239,2991
893,100022,16:05:41,36.953563,-76.056382,26,288
894,100022,16:05:42,36.953563,-76.056382,26,288
895,100026,16:05:43,36.991378,-76.310677,39,609
896,100022,16:05:50,36.953683,-76.056319,27,253
897,100022,16:05:51,36.953683,-76.056319,27,253
898,100026,16:05:54,36.991478,-76.310457,39,608
899,100022,16:06:00,36.953798,-76.056267,28,221
900,100022,16:06:01,36.953798,-76.056267,28,221
901,100026,16:06:02,36.991548,-76.310297,39,610
902,100023,16:06:09,36.972861,-76.265267,240,2986
903,100022,16:06:11,36.953935,-76.056219,30,186
904,100026,16:06:14,36.991648,-76.31006,39,621
905,100022,16:06:19,36.954066,-76.05618,31,152
906,100022,16:06:20,36.954066,-76.05618,31,152
907,100026,16:06:23,36.991716,-76.30988,39,642
908,100022,16:06:27,36.954188,-76.056154,32,126
909,100022,16:06:30,36.954235,-76.056145,33,115
910,100026,16:06:33,36.991793,-76.309679,38,643
911,100022,16:06:34,36.954283,-76.056137,33,105
912,100022,16:06:37,36.954348,-76.056129,34,92
913,100022,16:06:38,36.954348,-76.056129,34,92
914,100023,16:06:38,36.974423,-76.268922,241,2964
915,100022,16:06:41,36.954415,-76.056122,34,78
916,100026,16:06:43,36.991868,-76.309479,38,640
917,100022,16:06:44,36.954448,-76.056119,35,72
918,100022,16:06:47,36.954516,-76.056115,35,57
919,100022,16:06:50,36.954585,-76.056112,36,44
920,100022,16:06:51,36.954585,-76.056112,36,44
921,100022,16:06:53,36.954638,-76.056114,36,33
922,100026,16:06:54,36.99195,-76.309255,38,645
923,100022,16:06:54,36.954638,-76.056114,36,33
924,100022,16:06:57,36.954693,-76.056115,37,24
925,100022,16:07:00,36.954746,-76.056119,37,12
926,100026,16:07:02,36.992008,-76.309097,38,646
927,100022,16:07:04,36.954821,-76.056124,38,3598
928,100022,16:07:07,36.954876,-76.056129,38,3587
929,100023,16:07:10,36.976018,-76.27272,239,2976
930,100022,16:07:11,36.954953,-76.05614,39,3572
931,100026,16:07:14,36.992095,-76.308857,37,648
932,100022,16:07:14,36.955008,-76.056147,39,3564
933,100022,16:07:17,36.955066,-76.056159,40,3551
934,100022,16:07:20,36.955123,-76.056172,40,3540
935,100026,16:07:23,36.992158,-76.308679,38,655
936,100022,16:07:24,36.955201,-76.056189,41,3528
937,100022,16:07:27,36.955261,-76.056205,41,3515
938,100022,16:07:30,36.955321,-76.056222,42,3505
939,100026,16:07:33,36.992231,-76.308482,37,642
940,100022,16:07:34,36.9554,-76.056247,43,3491
941,100022,16:07:37,36.955461,-76.056269,43,3480
942,100023,16:07:39,36.977501,-76.276267,236,2965
943,100022,16:07:42,36.955543,-76.056297,44,3467
944,100026,16:07:43,36.992308,-76.308287,37,635
945,100022,16:07:44,36.955583,-76.056314,44,3459
946,100022,16:07:47,36.955665,-76.056347,45,3445
947,100022,16:07:48,36.955665,-76.056347,45,3445
948,100022,16:07:51,36.955726,-76.056375,45,3435
949,100026,16:07:54,36.992391,-76.308074,37,639
950,100022,16:07:54,36.955808,-76.056414,46,3419
951,100022,16:07:57,36.95587,-76.056445,46,3410
952,100022,16:08:00,36.95593,-76.05648,47,3395
953,100026,16:08:02,36.99245,-76.307917,37,656
954,100022,16:08:04,36.956013,-76.056529,47,3376
955,100022,16:08:07,36.956075,-76.05657,48,3360
956,100022,16:08:08,36.956075,-76.05657,48,3360
957,100022,16:08:11,36.956135,-76.056612,48,3345
958,100023,16:08:11,36.979043,-76.280225,239,2956
959,100026,16:08:14,36.99254,-76.30769,37,627
960,100022,16:08:14,36.956216,-76.056672,49,3326
961,100022,16:08:17,36.956276,-76.056719,49,3311
962,100022,16:08:20,36.956316,-76.056752,49,3303
963,100026,16:08:23,36.99261,-76.307519,37,627
964,100022,16:08:23,36.956396,-76.056819,50,3287
965,100022,16:08:24,36.956396,-76.056819,50,3287
966,100022,16:08:27,36.956476,-76.05689,51,3271
967,100022,16:08:30,36.956516,-76.056927,51,3265
968,100026,16:08:33,36.99269,-76.307332,37,626
969,100022,16:08:34,36.956615,-76.057024,52,3244
970,100023,16:08:38,36.98038,-76.2837,237,2966
971,100022,16:08:41,36.95677,-76.05719,53,3213
972,100026,16:08:42,36.992773,-76.307144,37,622
973,100022,16:08:42,36.95677,-76.05719,53,3213
974,100026,16:08:43,36.992773,-76.307144,37,622
975,100022,16:08:51,36.956943,-76.05739,55,3185
976,100026,16:08:54,36.992858,-76.306934,37,630
977,100022,16:09:00,36.957113,-76.057605,57,3161
978,100026,16:09:02,36.992923,-76.30678,38,628
979,100023,16:09:08,36.98196,-76.287327,244,3023
980,100023,16:09:09,36.98196,-76.287327,244,3023
981,100022,16:09:11,36.957321,-76.057885,59,3137
982,100026,16:09:13,36.993013,-76.306564,38,618
983,100022,16:09:20,36.957495,-76.058125,60,3124
984,100026,16:09:23,36.993095,-76.306364,39,628
985,100022,16:09:30,36.957686,-76.058404,62,3110
986,100026,16:09:33,36.993176,-76.306165,39,636
987,100023,16:09:38,36.983913,-76.290664,240,3097
988,100022,16:09:41,36.957901,-76.058722,64,3100
989,100026,16:09:43,36.993255,-76.305962,39,644
990,100022,16:09:51,36.95808,-76.058994,66,3093
991,100026,16:09:54,36.993336,-76.305735,39,667
992,100022,16:10:00,36.95826,-76.059272,67,3089
993,100026,16:10:03,36.9934,-76.305545,39,672
994,100023,16:10:08,36.985815,-76.294054,239,3036
995,100022,16:10:11,36.958505,-76.059652,69,3087
996,100026,16:10:13,36.993466,-76.305332,39,691
997,100022,16:10:20,36.958693,-76.059944,71,3086
998,100026,16:10:23,36.99353,-76.305117,40,693
999,100022,16:10:30,36.958905,-76.060275,72,3084
1000,100026,16:10:33,36.993595,-76.304905,40,687
